"","GeoFips","TimePeriod","total_gdp","county","private_gdp","construction_gdp","agriculture_gdp","mining_gdp","utilities_gdp","durable_gdp","nondurable_gdp","wholesaletrade_gdp","retailtrade_gdp","transport_warehouse_gdp","information_gdp","finance_insurance_gdp","realestate_gdp","science_tech_gdp","management_gdp","businessservice_gdp","edservices_gdp","healthcare_gdp","recreation_gdp","hosp_food_gdp","other_gdp","government_gdp","personal_income","adjustment_residence","netearnings_placeofresidence","personal_transfer_receipts","wages_salaries","proprietors_income","forestry_pi","mining_pi","utilities_pi","construction_pi","durablegoods_pi","nondurable_pi","wholesale_pi","retail_pi","transport_warehouse_pi","information_pi","finance_insurance_pi","realestate_pi","science_tech_pi","management_pi","administration_pi","edservices_pi","healthcare_pi","recreation_pi","food_pi","other_pi","government_pi","population"
"1","39091","2021","2215367","Logan, OH","2017408","68825","74844","10107","23783","531306","109488","58078","134932","156360","17795","117024","277725","(D)","(D)","193411","1604","136321","10639","56628","38537","197959","2308703","160144","1371054","656517","976150","161681","(D)","(D)","3367","67188","408160","40747","30549","83093","129004","4851","23704","27401","(D)","(D)","43783","1594","127103","7059","44379","38147","160422","46035"
"2","28053","2021","212076","Humphreys, MS","181988","1159","35352","0","713","(D)","(D)","12897","10766","(D)","9249","20317","27398","2228","(D)","4480","(D)","(D)","(D)","(D)","4700","30088","332098","14747","144680","149241","77120","48642","5771","1388","(D)","1935","(D)","(D)","5791","5728","(D)","5830","9645","5784","2262","(D)","(D)","(D)","(D)","(D)","(D)","5264","24056","7551"
"3","48275","2021","221550","Knox, TX","188841","(D)","20561","17322","84855","90","(D)","11122","10983","(D)","(D)","(D)","(D)","(D)","0","949","(D)","(D)","1190","1067","2881","32709","168623","1879","73340","69114","51989","13608","(D)","4716","(D)","(D)","127","(D)","9152","7135","(D)","(D)","(D)","(D)","(D)","0","(D)","(D)","(D)","931","842","2856","25578","3351"
"4","18147","2021","1111952","Spencer, IN","1042344","(D)","62857","(D)","345672","208862","29696","46866","26012","38480","19893","21281","43861","(D)","(D)","28999","(D)","(D)","(D)","(D)","35779","69608","1041681","179826","630084","286654","332718","88075","(D)","-242","42735","(D)","80074","24372","21781","16177","30291","8935","11336","6798","(D)","(D)","(D)","(D)","(D)","(D)","(D)","35335","52369","19798"
"5","49003","2021","2852645","Box Elder, UT","2611567","217469","6629","11284","15540","1106645","176207","70423","133243","134519","29014","50100","334796","(D)","(D)","88222","6400","98659","8402","51536","72480","241078","2713188","293672","1755291","580771","1242040","134169","3059","6571","15248","170437","549485","126339","51357","73763","115027","3370","28277","31740","(D)","(D)","(D)","5932","91362","5495","37982","67697","193069","59688"
"6","51105","2021","459253","Lee, VA","313920","17500","2416","5835","5379","9605","2448","25962","41140","8784","(D)","16480","73174","(D)","32830","42756","0","33016","(D)","(D)","18296","145334","841958","109112","335151","414680","181209","21853","2439","3145","5380","18921","8256","1138","6822","24971","6283","(D)","5841","2114","(D)","4884","(D)","54","32130","(D)","(D)","17001","115601","21983"
"7","29049","2021","464465","Clinton, MO","388898","35560","14570","3905","(D)","16618","11067","(D)","24323","12183","7274","30286","79612","13167","(D)","23752","162","70365","1490","11260","18147","75567","1037321","376918","631399","270452","197263","42048","(D)","(D)","(D)","33904","8381","6161","(D)","13429","10852","2466","13243","2777","12188","(D)","6515","172","64569","1045","9589","18185","61256","21287"
"8","13165","2021","177724","Jenkins, GA","149556","5875","18836","0","8796","6278","722","2760","8789","(D)","30","(D)","(D)","(D)","14971","(D)","(D)","(D)","220","5033","4445","28168","318662","60256","150574","125702","64376","19784","1754","0","(D)","4598","4090","520","1803","4480","(D)","30","(D)","(D)","(D)","-2","(D)","(D)","(D)","189","3313","4593","22295","8639"
"9","46057","2021","322283","Hamlin, SD","290262","30669","94470","(D)","1027","(D)","38031","33274","24454","(D)","(D)","(D)","(D)","3601","0","5285","158","3884","(D)","(D)","(D)","32021","359289","25906","228768","66430","111497","84983","(D)","12","(D)","32686","(D)","34026","14687","10162","(D)","(D)","(D)","(D)","3000","0","(D)","138","4631","(D)","(D)","(D)","24961","6255"
"10","39037","2021","2486831","Darke, OH","2300619","110914","270984","707","22100","402795","120143","180131","141050","135071","25446","233542","257682","47944","43027","145802","3524","150288","9109","37634","53700","186212","2659762","317069","1591500","701970","881628","322270","(D)","(D)","8006","113747","268779","65360","79960","92492","114184","7764","48813","12114","41271","1357","39203","3178","138871","6445","27529","53765","149489","51597"
"11","02232","2021","(D)","Skagway-Hoonah-Angoon Census Area, AK*","(D)","(D)","(D)","(D)","(D)","(D)","(D)","(D)","(D)","(D)","(D)","(D)","(D)","(D)","(D)","(D)","(D)","(D)","(D)","(D)","(D)","(D)","(D)","(D)","(D)","(D)","(D)","(D)","(D)","(D)","(D)","(D)","(D)","(D)","(D)","(D)","(D)","(D)","(D)","(D)","(D)","(D)","(D)","(D)","(D)","(D)","(D)","(D)","(D)","(D)"
"12","20007","2021","219484","Barber, KS","174912","8786","15548","29705","9394","20359","4580","7087","15762","(D)","(D)","(D)","(D)","3276","0","6849","(D)","(D)","(D)","(D)","(D)","44572","230952","4436","112524","71345","71940","30593","(D)","10164","(D)","9348","13279","2015","4218","7996","(D)","(D)","(D)","(D)","2586","0","(D)","(D)","(D)","(D)","(D)","(D)","34531","4110"
"13","48437","2021","556719","Swisher, TX","503276","5010","372245","82","4008","8658","2084","7909","10142","(D)","(D)","(D)","(D)","(D)","18536","24528","(D)","(D)","(D)","(D)","5113","53443","508943","27647","355306","103535","74237","242777","(D)","(D)","(D)","4837","4800","1133","3741","6811","(D)","(D)","(D)","(D)","(D)","59","(D)","(D)","(D)","(D)","(D)","5120","41874","7008"
"14","39143","2021","3501255","Sandusky, OH","3250241","94414","60278","6890","(D)","1058788","325601","112665","185364","82423","20908","150298","372486","37087","76498","176626","(D)","(D)","11352","72100","61222","251014","2876001","96206","1638403","871583","1265869","147083","(D)","(D)","7619","96406","521664","163785","45996","110628","69717","9496","40116","26660","31600","34306","39927","(D)","(D)","7326","48619","61329","204046","58715"
"15","08009","2021","201745","Baca, CO","159869","4074","65029","947","2240","90","446","7359","9087","(D)","(D)","(D)","(D)","706","29171","(D)","48","1031","(D)","(D)","4144","41876","185907","2594","92300","63116","50950","32420","(D)","(D)","(D)","3415","87","402","3525","4894","(D)","(D)","(D)","(D)","571","35","252","46","1032","(D)","(D)","4226","33937","3514"
"16","45055","2021","2335126","Kershaw, SC","2096900","121589","83833","18019","18546","264532","277729","48735","269953","35041","20747","119078","377857","69899","4462","140773","11134","157461","11937","56285","63650","238226","3348461","780204","1866702","1026018","838127","195819","9262","4574","8475","100219","73753","116018","16307","165412","34260","10940","77480","22039","60609","4445","43163","9451","146456","6932","38980","65754","184506","66130"
"17","12021","2021","24020049","Collier, FL","22581083","2116589","168527","5461","33141","605761","178922","1398600","2039852","233750","466413","1486132","6095159","1943822","189098","3092362","141344","2005097","530003","1356733","627237","1438966","45539558","1318765","14236570","5659963","10379959","2372279","134210","1813","31671","1668560","392726","142501","807259","1303159","222127","200979","1258438","481627","1708845","145171","813780","133019","1863859","447140","949071","630427","1142560","385980"
"18","21183","2021","944916","Ohio, KY","826482","18826","58996","456","162933","93846","180331","(D)","51058","(D)","(D)","19744","122697","(D)","(D)","34296","(D)","(D)","(D)","(D)","17278","118434","975979","59370","447940","415079","282886","72160","(D)","(D)","(D)","21366","66861","65677","(D)","29210","(D)","(D)","5328","5326","(D)","(D)","6341","(D)","(D)","(D)","(D)","17751","94806","23688"
"19","47101","2021","355406","Lewis, TN","303608","9338","6200","0","(D)","25954","23315","(D)","79970","11266","4955","12042","44657","(D)","(D)","16304","2988","22320","(D)","(D)","13208","51798","533258","91541","302682","185450","132574","67268","6265","17","(D)","15342","20121","19146","(D)","39838","8505","2601","3953","3025","(D)","(D)","(D)","2367","21571","(D)","(D)","13530","42387","12857"
"20","08103","2021","679943","Rio Blanco, CO","589330","12650","1760","398815","7573","(D)","(D)","1434","11188","10551","2064","12018","76583","3482","0","26482","(D)","(D)","3772","9775","7073","90613","354530","-8798","195691","89191","175240","11672","(D)","64299","6751","12019","(D)","(D)","1120","6835","5333","705","4272","2287","2925","0","(D)","(D)","(D)","1955","7531","6769","73902","6476"
"21","19089","2021","553745","Howard, IA","491790","20321","125690","0","27079","69237","31492","32775","43744","(D)","3174","37765","45721","5303","(D)","11477","(D)","(D)","(D)","(D)","10765","61954","553616","21379","328603","132774","182257","106075","(D)","-64","(D)","21465","57401","23445","13605","18967","(D)","1443","12676","2147","4455","(D)","2272","(D)","(D)","(D)","(D)","10327","48814","9478"
"22","51017","2021","273036","Bath, VA","244429","20482","3467","0","15492","7679","1270","399","(D)","(D)","4253","(D)","(D)","15136","(D)","45895","(D)","(D)","(D)","(D)","5051","28608","296855","-8658","112394","75873","105018","7134","1022","9","(D)","19212","5434","1233","186","(D)","(D)","1987","(D)","(D)","14211","(D)","741","(D)","(D)","(D)","(D)","4970","22875","4114"
"23","29041","2021","331038","Chariton, MO","300310","13444","100358","0","2681","5406","2014","57308","14928","(D)","(D)","21650","32598","2721","(D)","4341","(D)","(D)","(D)","(D)","6335","30728","379497","56047","197902","116619","81547","53111","(D)","80","(D)","14371","4315","919","16979","10533","(D)","(D)","11289","1512","2600","(D)","(D)","(D)","(D)","(D)","(D)","6434","24727","7356"
"24","47045","2021","2065608","Dyer, TN","1816158","86504","134345","0","0","433360","241785","146339","152022","66191","20950","81179","127431","(D)","(D)","95077","(D)","(D)","3056","80078","40325","249450","1887836","2196","1101071","578455","774625","250930","(D)","32","-240","96355","207759","95495","53314","92756","58582","5539","51051","11226","(D)","(D)","(D)","(D)","(D)","2553","62565","41772","205287","36615"
"25","46077","2021","295459","Kingsbury, SD","275550","10247","118943","0","1806","(D)","(D)","29992","10020","5838","1671","23649","26636","(D)","(D)","2408","(D)","(D)","851","2514","4301","19909","365675","35108","232598","69744","77257","115302","(D)","79","4517","21078","(D)","(D)","15457","5355","5564","1304","11847","6805","(D)","(D)","1029","(D)","(D)","556","1960","4152","16272","5192"
"26","12133","2021","737497","Washington, FL","589463","36375","73581","0","1194","2821","13176","(D)","47864","(D)","11140","14517","187904","31292","(D)","43834","(D)","(D)","(D)","(D)","19895","148034","924107","109331","424325","366324","254763","38116","7018","303","(D)","32372","1604","9461","(D)","28890","(D)","1104","9716","1515","24876","(D)","10679","(D)","(D)","(D)","(D)","20031","118988","25436"
"27","48011","2021","51001","Armstrong, TX","42968","5365","8206","(D)","73","0","(D)","(D)","1977","(D)","189","(D)","(D)","5066","(D)","6489","(D)","(D)","(D)","(D)","(D)","8033","112881","29649","62780","31014","18978","12866","(D)","310","(D)","5314","0","(D)","(D)","1566","(D)","128","(D)","(D)","4549","(D)","(D)","(D)","(D)","(D)","(D)","(D)","6327","1839"
"28","36017","2021","2489928","Chenango, NY","2125016","58467","52718","(D)","(D)","325269","494066","(D)","141972","30915","42468","276114","300072","26262","78363","191347","3096","97504","4797","31140","39323","364912","2353263","55871","1288338","772111","952329","122252","(D)","(D)","(D)","62302","235482","182800","(D)","85398","27604","20965","107470","16538","22476","4125","68095","1964","93422","3624","24239","37181","340134","46537"
"29","21123","2021","276889","Larue, KY","232405","18855","19062","0","(D)","29887","5146","(D)","14024","7168","1292","28800","56164","3154","0","13930","(D)","(D)","501","6122","10243","44484","677300","196566","353951","238943","111916","35825","(D)","80","(D)","20572","24397","8020","(D)","8402","6734","609","13470","1850","2852","0","6979","(D)","(D)","429","4289","10650","35566","15028"
"30","37049","2021","5847941","Craven, NC","3619233","150330","50021","12013","51819","519966","154449","297836","320803","84935","29910","203516","724091","213998","47679","375770","29949","334984","14860","162678","101303","2228707","5449986","-504543","2752089","1634317","2571249","298766","14724","3549","19013","127326","245239","72093","72117","230002","72003","13214","76522","106778","172971","17809","79178","27388","309889","12961","117743","103317","1761989","100674"
"31","18113","2021","2129588","Noble, IN","1982160","77243","88429","973","8576","812216","189231","163282","122643","31737","33386","31265","160040","(D)","(D)","100736","11902","68678","3605","34000","44218","147428","2269726","287524","1383130","622607","823408","202766","(D)","(D)","8576","70649","444814","130324","36277","71761","25606","18415","20367","18846","(D)","(D)","43074","10302","61462","2491","23176","42929","110319","47227"
"32","47177","2021","1553904","Warren, TN","1381955","50324","113503","419","12854","313494","124498","64290","121195","(D)","44990","55061","161964","(D)","(D)","(D)","4355","110354","19241","36230","47730","171948","1714718","58858","892981","633490","582718","207073","(D)","(D)","(D)","62164","109065","95279","42833","75883","(D)","14207","23113","12529","(D)","(D)","(D)","3847","109404","17760","24900","48648","139581","41523"
"33","47133","2021","635657","Overton, TN","551430","34367","2652","15262","3312","62966","58681","31470","49111","(D)","12793","33389","110992","11673","(D)","23738","317","(D)","5862","17503","31880","84228","935454","153174","494152","344404","221797","100192","2571","4635","(D)","41315","39844","26819","16785","31593","(D)","5596","13829","4407","10787","(D)","(D)","323","(D)","1154","12707","32976","68489","22839"
"34","17043","2021","104892806","DuPage, IL","99281951","4151240","3770","46685","1059615","5751446","4850477","17246785","5729296","3866967","3733387","9694748","11604145","9763255","3501208","18183926","1150867","7355090","578235","2447245","1828028","5610855","79076011","-4790287","53421583","10246932","48203817","7251891","3763","31738","1004562","3843277","3702500","2549037","6919774","3227563","3195924","1386617","5159766","1690323","8596805","3448864","3950004","1000478","6598104","400418","1504657","1775094","4766985","924885"
"35","31067","2021","1197990","Gage, NE","1043113","50709","120087","(D)","39159","94691","154285","68013","75471","(D)","8637","45695","101389","13470","24321","48182","(D)","(D)","3613","18047","23416","154877","1250232","124660","688434","376668","403294","122933","(D)","(D)","(D)","29836","69380","53844","27659","47388","(D)","1973","18646","4095","11730","7995","(D)","(D)","(D)","2279","12443","22766","113559","21616"
"36","18103","2021","1090148","Miami, IN","853074","41251","112469","7697","7735","110601","120765","36628","70536","61217","3241","31311","88684","20139","(D)","40723","(D)","(D)","2287","26526","31595","237074","1449714","155480","751403","505586","434964","114952","4486","5091","7404","38502","44393","66368","16047","35644","52530","1318","19890","11459","16495","(D)","7550","(D)","(D)","1913","18186","31042","178389","36081"
"37","48317","2021","11139511","Martin, TX","11080914","25378","7595","10857449","17669","(D)","(D)","(D)","29228","20889","(D)","9824","16728","3079","18542","33064","665","3798","535","4807","(D)","58597","438354","25427","212860","69320","123993","51932","(D)","(D)","(D)","25595","(D)","(D)","(D)","17490","15717","(D)","4290","650","2813","439","3214","665","3698","511","3860","(D)","45583","5211"
"38","55123","2021","1120147","Vernon, WI","969707","60305","100630","101","37839","47028","62029","55765","84236","36384","47656","40186","152786","21102","(D)","71996","5044","118412","2704","19712","26895","150439","1518426","244576","873430","424672","421777","161638","(D)","(D)","15511","63925","31648","39391","22993","55208","23850","11633","23956","12663","18357","(D)","8753","4416","101660","2434","14736","26472","124474","30915"
"39","54071","2021","172274","Pendleton, WV","145622","5211","8846","(D)","1080","(D)","(D)","(D)","20035","10109","4855","(D)","(D)","(D)","(D)","(D)","(D)","(D)","1469","4007","3513","26653","307985","42891","120162","126673","54734","18945","(D)","(D)","(D)","4386","(D)","(D)","(D)","5770","8289","2214","(D)","(D)","(D)","(D)","(D)","(D)","(D)","1020","2862","3641","20215","6142"
"40","19129","2021","656532","Mills, IA","536022","17531","77536","3788","3491","9959","47366","58509","100528","(D)","8948","53272","64851","(D)","(D)","(D)","2395","22617","2351","9413","12624","120510","955295","244124","621282","210221","182404","182531","(D)","(D)","(D)","18835","8110","28659","25419","93678","(D)","4729","15305","4411","(D)","(D)","(D)","2181","20786","1322","7303","11726","95645","14465"
"41","21031","2021","354811","Butler, KY","312261","13759","31729","139","1664","47175","71632","(D)","16614","7993","(D)","14214","54540","2828","6548","14134","(D)","(D)","(D)","(D)","(D)","42550","540156","82152","266525","224269","119314","50915","(D)","(D)","(D)","16102","29549","36373","(D)","9725","6692","(D)","6370","3373","2506","-31","(D)","(D)","(D)","(D)","(D)","(D)","34123","12294"
"42","05053","2021","526659","Grant, AR","463694","24995","11136","8690","1062","154527","10556","22426","44252","3855","(D)","27948","86309","8933","(D)","15849","(D)","(D)","273","9958","(D)","62965","835044","237127","491081","248385","219790","26576","(D)","(D)","1062","24555","83313","6225","9150","24811","2513","(D)","17762","7581","8188","(D)","4628","(D)","(D)","200","6781","(D)","50160","18090"
"43","42117","2021","2027447","Tioga, PA","1814684","34066","23766","526941","35518","125818","61980","59090","119244","85673","62718","56274","245877","66075","63436","152736","(D)","(D)","4141","39768","37933","212764","1947086","114570","967248","681039","632933","145793","6236","47361","25753","35520","66280","47217","33425","78675","98137","16362","37860","12609","50956","1859","11770","(D)","(D)","2899","26769","36818","180074","40929"
"44","29051","2021","6079250","Cole, MO","4486839","268522","254","22731","38375","105971","619723","348638","407434","75006","162893","544917","516942","262635","109324","558276","24401","464119","24974","133946","169716","1592411","4241757","-870281","2463759","972636","2718767","245249","(D)","(D)","36861","267778","56910","123994","92438","288845","65016","72739","175434","27209","228471","94059","141813","21759","418872","16554","99763","170918","1306223","77205"
"45","13053","2021","1812064","Chattahoochee, GA","249170","(D)","951","0","(D)","(D)","924","(D)","2489","(D)","(D)","(D)","(D)","88420","0","138614","3191","3039","885","4326","(D)","1562894","359114","-1177604","166664","70312","1039815","3946","(D)","245","-104","(D)","(D)","627","(D)","1479","(D)","(D)","(D)","(D)","78443","0","(D)","3018","2900","812","4019","(D)","1349532","9048"
"46","05101","2021","117420","Newton, AR","89463","7122","913","(D)","3031","3986","383","640","8141","2690","(D)","(D)","(D)","(D)","0","2161","(D)","(D)","(D)","(D)","(D)","27957","278285","58536","111520","123599","38969","13252","(D)","86","3031","7375","2186","357","124","4932","2415","(D)","(D)","(D)","(D)","0","(D)","(D)","(D)","(D)","(D)","(D)","22358","7204"
"47","40037","2021","2202945","Creek, OK","1902345","169519","2128","111130","(D)","395669","12097","74499","146613","145184","32507","64568","361050","62274","(D)","(D)","4592","126269","11092","59339","68624","300599","3452166","614831","1829257","1050564","958078","189655","(D)","42512","6997","185152","294666","6275","50762","94193","108918","8856","39666","11863","47636","(D)","34434","4251","118649","5400","42674","69442","226789","72029"
"48","17131","2021","497958","Mercer, IL","435684","15600","149427","0","527","48778","6646","17614","27045","(D)","6815","24718","72114","3265","0","13269","(D)","(D)","1170","5141","12434","62274","898700","258915","561653","234137","142691","143124","(D)","0","(D)","16582","33533","4484","11264","14261","(D)","3449","9605","6428","2796","0","(D)","(D)","(D)","735","4204","11966","52826","15582"
"49","04023","2021","2274933","Santa Cruz, AZ","1740353","42373","21254","(D)","(D)","148873","15330","513618","190129","211440","14063","62534","215019","25963","68431","123871","4232","65819","2148","61523","35642","534580","2242255","12778","1150281","757770","763399","304025","17378","1571","9261","29055","31042","5737","235962","111144","151362","6367","14491","30359","22886","756","24664","3873","62870","1939","51652","36591","423882","47883"
"50","17199","2021","3194762","Williamson, IL","2543116","109268","13425","73846","79972","363730","42197","61629","290955","61198","63203","230844","274382","(D)","(D)","189435","3252","481424","8078","123948","72331","651646","3499730","206164","2006536","1026449","1426534","183271","(D)","(D)","39516","84891","187783","30613","38810","155441","54170","22068","125697","22819","(D)","(D)","73911","3159","406474","5233","81245","70983","513426","66879"
